"Status","Start Time","Stop Time","Duration in ms","Parent Suite","Suite","Sub Suite","Test Class","Test Method","Name","Description"
"broken","Thu Oct 01 22:48:48 UTC 2026","Thu Oct 01 22:48:55 UTC 2026","6668","Flipkart E2E Test Suite","Product Search Tests","com.flipkart.tests.e2e.ProductSearchTests","com.flipkart.tests.e2e.ProductSearchTests","searchAndClickProduct","searchAndClickProduct",""
"broken","Thu Oct 01 22:48:08 UTC 2026","Thu Oct 01 22:48:24 UTC 2026","16068","Flipkart E2E Test Suite","Category Browsing Tests","com.flipkart.tests.e2e.CategoryBrowsingTests","com.flipkart.tests.e2e.CategoryBrowsingTests","testNavigateToChocolates","testNavigateToChocolates",""
"broken","Thu Oct 01 22:48:56 UTC 2026","Thu Oct 01 22:49:03 UTC 2026","7379","Flipkart E2E Test Suite","Product Details Tests","com.flipkart.tests.e2e.ProductDetailsTests","com.flipkart.tests.e2e.ProductDetailsTests","verifyProductImages","verifyProductImages",""
"broken","Thu Oct 01 22:48:57 UTC 2026","Thu Oct 01 22:49:35 UTC 2026","38123","Flipkart E2E Test Suite","Location Tests","com.flipkart.tests.e2e.LocationTests","com.flipkart.tests.e2e.LocationTests","changingPinCode","changingPinCode",""
"broken","Thu Oct 01 22:48:40 UTC 2026","Thu Oct 01 22:48:56 UTC 2026","16327","Flipkart E2E Test Suite","Category Browsing Tests","com.flipkart.tests.e2e.CategoryBrowsingTests","com.flipkart.tests.e2e.CategoryBrowsingTests","testNavigateToMensTshirts","testNavigateToMensTshirts",""
"broken","Thu Oct 01 22:49:04 UTC 2026","Thu Oct 01 22:49:11 UTC 2026","7089","Flipkart E2E Test Suite","Product Details Tests","com.flipkart.tests.e2e.ProductDetailsTests","com.flipkart.tests.e2e.ProductDetailsTests","verifyProductPageLoads","verifyProductPageLoads",""
"passed","Thu Oct 01 22:48:08 UTC 2026","Thu Oct 01 22:48:18 UTC 2026","10159","Flipkart E2E Test Suite","Product Filter Tests","com.flipkart.tests.e2e.ProductFilterTests","com.flipkart.tests.e2e.ProductFilterTests","applyBatteryCapacityFilter","applyBatteryCapacityFilter",""
"passed","Thu Oct 01 22:48:16 UTC 2026","Thu Oct 01 22:48:23 UTC 2026","6894","Flipkart E2E Test Suite","Site Launch Tests","com.flipkart.tests.e2e.SiteLaunchTests","com.flipkart.tests.e2e.SiteLaunchTests","verifyPageTitle","verifyPageTitle",""
"passed","Thu Oct 01 22:48:19 UTC 2026","Thu Oct 01 22:48:42 UTC 2026","23242","Flipkart E2E Test Suite","Product Filter Tests","com.flipkart.tests.e2e.ProductFilterTests","com.flipkart.tests.e2e.ProductFilterTests","applyBrandFilter","applyBrandFilter",""
"broken","Thu Oct 01 22:48:24 UTC 2026","Thu Oct 01 22:49:19 UTC 2026","55845","Flipkart E2E Test Suite","Flight Booking Tests","com.flipkart.tests.e2e.FlightBookingTests","com.flipkart.tests.e2e.FlightBookingTests","testFlightSearch","testFlightSearch",""
"passed","Thu Oct 01 22:48:43 UTC 2026","Thu Oct 01 22:48:53 UTC 2026","9877","Flipkart E2E Test Suite","Product Filter Tests","com.flipkart.tests.e2e.ProductFilterTests","com.flipkart.tests.e2e.ProductFilterTests","applyPriceFilter","applyPriceFilter",""
"passed","Thu Oct 01 22:48:08 UTC 2026","Thu Oct 01 22:48:16 UTC 2026","7594","Flipkart E2E Test Suite","Site Launch Tests","com.flipkart.tests.e2e.SiteLaunchTests","com.flipkart.tests.e2e.SiteLaunchTests","verifyHomepageLoads","verifyHomepageLoads",""
"passed","Thu Oct 01 22:48:53 UTC 2026","Thu Oct 01 22:49:01 UTC 2026","7813","Flipkart E2E Test Suite","Product Filter Tests","com.flipkart.tests.e2e.ProductFilterTests","com.flipkart.tests.e2e.ProductFilterTests","applyRatingFilter","applyRatingFilter",""
"passed","Thu Oct 01 22:48:08 UTC 2026","Thu Oct 01 22:48:48 UTC 2026","39989","Flipkart E2E Test Suite","Product Search Tests","com.flipkart.tests.e2e.ProductSearchTests","com.flipkart.tests.e2e.ProductSearchTests","clickProductOnHomepage","clickProductOnHomepage",""
"passed","Thu Oct 01 22:49:02 UTC 2026","Thu Oct 01 22:49:14 UTC 2026","12693","Flipkart E2E Test Suite","Product Filter Tests","com.flipkart.tests.e2e.ProductFilterTests","com.flipkart.tests.e2e.ProductFilterTests","sortProduct","sortProduct",""
"broken","Thu Oct 01 22:48:25 UTC 2026","Thu Oct 01 22:48:39 UTC 2026","14446","Flipkart E2E Test Suite","Category Browsing Tests","com.flipkart.tests.e2e.CategoryBrowsingTests","com.flipkart.tests.e2e.CategoryBrowsingTests","testNavigateToFurniture","testNavigateToFurniture",""
